,VITIS_LOOP_46_3,seq_loop_status1.csv
,VITIS_LOOP_45_2,seq_loop_status2.csv
,VITIS_LOOP_44_1,seq_loop_status3.csv
,debug4,seq_loop_status4.csv
,debug3,seq_loop_status5.csv
,debug2,seq_loop_status6.csv
,debug1,seq_loop_status7.csv
,VITIS_LOOP_58_6,seq_loop_status8.csv
,VITIS_LOOP_57_5,seq_loop_status9.csv
,VITIS_LOOP_56_4,seq_loop_status10.csv
grp_conv1_fu_654.gen_tiles_stream_all_U0,VITIS_LOOP_35_3,seq_loop_status11.csv
grp_conv1_fu_654.gen_tiles_stream_all_U0,VITIS_LOOP_33_2,seq_loop_status12.csv
grp_conv1_fu_654.gen_tiles_stream_all_U0,VITIS_LOOP_30_1,seq_loop_status13.csv
grp_conv1_fu_654.load_stage_U0,VITIS_LOOP_62_2,seq_loop_status14.csv
grp_conv1_fu_654.load_stage_U0,VITIS_LOOP_67_5,seq_loop_status15.csv
grp_conv1_fu_654.load_stage_U0,VITIS_LOOP_65_4,seq_loop_status16.csv
grp_conv1_fu_654.load_stage_U0,VITIS_LOOP_64_3,seq_loop_status17.csv
grp_conv1_fu_654.load_stage_U0,VITIS_LOOP_77_9,seq_loop_status18.csv
grp_conv1_fu_654.load_stage_U0,VITIS_LOOP_76_8,seq_loop_status19.csv
grp_conv1_fu_654.load_stage_U0,VITIS_LOOP_75_7,seq_loop_status20.csv
grp_conv1_fu_654.load_stage_U0,VITIS_LOOP_74_6,seq_loop_status21.csv
grp_conv1_fu_654.load_stage_U0,VITIS_LOOP_57_1,seq_loop_status22.csv
grp_conv1_fu_654.compute_stage_U0,VITIS_LOOP_110_2,seq_loop_status23.csv
grp_conv1_fu_654.compute_stage_U0,VITIS_LOOP_115_5,seq_loop_status24.csv
grp_conv1_fu_654.compute_stage_U0,VITIS_LOOP_114_4,seq_loop_status25.csv
grp_conv1_fu_654.compute_stage_U0,VITIS_LOOP_113_3,seq_loop_status26.csv
grp_conv1_fu_654.compute_stage_U0,VITIS_LOOP_122_9,seq_loop_status27.csv
grp_conv1_fu_654.compute_stage_U0,VITIS_LOOP_121_8,seq_loop_status28.csv
grp_conv1_fu_654.compute_stage_U0,VITIS_LOOP_120_7,seq_loop_status29.csv
grp_conv1_fu_654.compute_stage_U0,VITIS_LOOP_119_6,seq_loop_status30.csv
grp_conv1_fu_654.compute_stage_U0,VITIS_LOOP_128_11,seq_loop_status31.csv
grp_conv1_fu_654.compute_stage_U0,VITIS_LOOP_126_10,seq_loop_status32.csv
grp_conv1_fu_654.compute_stage_U0,VITIS_LOOP_104_1,seq_loop_status33.csv
grp_conv1_fu_654.store_stage_U0,VITIS_LOOP_167_3,seq_loop_status34.csv
grp_conv1_fu_654.store_stage_U0,VITIS_LOOP_165_2,seq_loop_status35.csv
grp_conv1_fu_654.store_stage_U0,VITIS_LOOP_162_1,seq_loop_status36.csv
grp_conv1_fu_654.store_stage_U0.grp_store_stage_Pipeline_VITIS_LOOP_170_4_fu_108,VITIS_LOOP_170_4,upc_loop_status1.csv
grp_conv3_fu_924,VITIS_LOOP_30_6,seq_loop_status37.csv
grp_conv3_fu_924,VITIS_LOOP_19_5,seq_loop_status38.csv
grp_conv3_fu_924,VITIS_LOOP_18_4,seq_loop_status39.csv
grp_conv3_fu_924,VITIS_LOOP_14_3,seq_loop_status40.csv
grp_conv3_fu_924,VITIS_LOOP_13_2,seq_loop_status41.csv
