grp_conv1_fu_654,entry_proc_U0,stalling1.csv,status1.csv
grp_conv1_fu_654,gen_tiles_stream_all_U0,stalling2.csv,status2.csv
grp_conv1_fu_654,load_stage_U0,stalling3.csv,status3.csv
grp_conv1_fu_654,compute_stage_U0,stalling4.csv,status4.csv
grp_conv1_fu_654,store_stage_U0,stalling5.csv,status5.csv
,AESL_inst_srcnn,,module_status1.csv
,grp_conv1_fu_654,,module_status2.csv
grp_conv1_fu_654.compute_stage_U0,grp_compute_stage_Pipeline_VITIS_LOOP_132_12_fu_2265,,module_status3.csv
grp_conv1_fu_654.store_stage_U0,grp_store_stage_Pipeline_VITIS_LOOP_170_4_fu_108,,module_status4.csv
,grp_conv3_fu_924,,module_status5.csv
